customer_id,customer_name,email,registration_date,customer_type
0,Guest Customer,guest@example.com,2023-01-01,REGULAR
1,Priya Sharma,priya.sharma1@customer.net,2023-08-05,PREMIUM
2,Rohan Bose,rohan.bose2@example.com,2023-12-06,REGULAR
3,Aarav Mehta,aarav.mehta3@mailbox.in,2025-07-04,REGULAR
4,Aarav Khan,aarav.khan4@mailbox.in,2023-08-30,REGULAR
5,Neha Reddy,neha.reddy5@example.com,2024-07-11,PREMIUM
6,Arjun Patel,arjun.patel6@mailbox.in,2024-08-11,REGULAR
7,Isha Rao,isha.rao7@shopmail.com,2023-03-13,REGULAR
8,Isha Singh,isha.singh8@shopmail.com,2024-08-13,REGULAR
9,Rahul Khan,rahul.khan9@customer.net,2025-11-07,REGULAR
10,Rohan Khan,rohan.khan10@shopmail.com,2024-08-12,REGULAR
11,Meera Joshi,meera.joshi11@example.com,2023-02-19,PREMIUM
12,Sana Iyer,sana.iyer12@example.com,2025-05-31,PREMIUM
13,Neha Mehta,neha.mehta13@mailbox.in,2025-09-25,REGULAR
14,Arjun Gupta,arjun.gupta14@shopmail.com,2025-04-17,REGULAR
15,Dev Kapoor,dev.kapoor15@customer.net,2023-08-03,REGULAR
16,Rohan Patel,rohan.patel16@example.com,2023-09-06,PREMIUM
17,Dev Singh,dev.singh17@mailbox.in,2024-12-28,REGULAR
18,Aarav Reddy,aarav.reddy18@customer.net,2024-06-12,REGULAR
19,Dev Khan,dev.khan19@,2025-02-16,PREMIUM
20,Priya Das,priya.das20@shopmail.com,2026-03-30,REGULAR
21,Aarav Joshi,aarav.joshi21@,2024-04-22,REGULAR
22,Meera Singh,meera.singh22@example.com,2023-04-18,VIP
23,Kabir Gupta,kabir.gupta23@mailbox.in,2023-09-14,REGULAR
24,Dev Mehta,dev.mehta24@shopmail.com,2024-09-11,VIP
25,Rahul Malhotra,rahul.malhotra25@mailbox.in,2023-12-16,REGULAR
26,Aarav Nair,aarav.nair26shopmail.com,2023-12-22,REGULAR
27,Diya Joshi,diya.joshi27@example.com,2024-03-08,REGULAR
28,Vikram Gupta,vikram.gupta28@mailbox.in,2025-01-04,PREMIUM
29,Vikram Reddy,vikram.reddy29@example.com,2024-07-04,REGULAR
30,Tara Patel,tara.patel30@example.com,2026-02-05,REGULAR
31,Priya Nair,priya.nair31@shopmail.com,2024-11-27,REGULAR
32,Anika Iyer,anika.iyer32@mailbox.in,2023-04-28,REGULAR
33,Priya Patel,priya.patel33@example.com,2026-03-16,PREMIUM
34,Anika Bose,anika.bose34@mailbox.in,2024-09-14,PREMIUM
35,Anika Kapoor,anika.kapoor35@example.com,2024-02-16,PREMIUM
36,Tara Das,tara.das36@mailbox.in,2026-02-08,VIP
37,Nikhil Gupta,nikhil.gupta37@shopmail.com,2023-04-01,REGULAR
38,Diya Joshi,diya.joshi38@example.com,2025-01-10,REGULAR
39,Anika Patel,anika.patel39@example.com,2023-04-17,REGULAR
40,Meera Kapoor,meera.kapoor40@example.com,2025-06-03,REGULAR
41,Diya Singh,diya.singh41@mailbox.in,2025-05-28,REGULAR
42,Arjun Mehta,arjun.mehta42@customer.net,2024-09-06,REGULAR
43,Isha Malhotra,isha.malhotra43@customer.net,2023-04-23,REGULAR
44,Priya Singh,priya.singh44@shopmail.com,2023-07-25,VIP
45,Rohan Nair,rohan.nair45@customer.net,2024-11-11,PREMIUM
46,Isha Sharma,isha.sharma46@customer.net,2023-06-10,VIP
47,Kabir Iyer,kabir.iyer47@example.com,2026-02-27,REGULAR
48,Arjun Das,arjun.das48@shopmail.com,2023-11-13,REGULAR
49,Arjun Jain,arjun.jain49@customer.net,2023-03-20,REGULAR
50,Dev Iyer,dev.iyer50example.com,2025-09-16,VIP
51,Anika Malhotra,anika.malhotra51@mailbox.in,2023-06-23,REGULAR
52,Kabir Patel,kabir.patel52@customer.net,2023-08-19,REGULAR
53,Diya Das,diya.das53@customer.net,2023-03-03,PREMIUM
54,Vikram Nair,vikram.nair54@example.com,2025-05-19,PREMIUM
55,Dev Gupta,dev.gupta55@shopmail.com,2023-10-03,PREMIUM
56,Aarav Khan,aarav.khan56@customer.net,2024-10-01,PREMIUM
57,Meera Iyer,meera.iyer57@shopmail.com,2023-06-17,REGULAR
58,Diya Jain,diya.jain58@shopmail.com,2024-12-16,REGULAR
59,Meera Nair,meera.nair59@example.com,2024-09-10,REGULAR
60,Rohan Iyer,rohan.iyer60@customer.net,2024-09-12,REGULAR
61,Neha Sharma,neha.sharma61@example.com,2024-02-10,REGULAR
62,Arjun Patel,arjun.patel62@example.com,2024-06-21,PREMIUM
63,Neha Bose,neha.bose63@example.com,2025-06-14,REGULAR
64,Diya Bose,diya.bose64@example.com,2025-04-16,REGULAR
65,Vikram Rao,vikram.rao65@mailbox.in,2025-10-28,PREMIUM
66,Neha Reddy,neha.reddy66@customer.net,2025-11-01,REGULAR
67,Sana Das,sana.das67@shopmail.com,2025-10-29,VIP
68,Anika Das,anika.das68@mailbox.in,2023-01-01,REGULAR
69,Vikram Bose,vikram.bose69@customer.net,2024-11-17,REGULAR
70,Nikhil Khan,nikhil.khan70@example.com,2025-10-28,REGULAR
71,Neha Singh,neha.singh71@shopmail.com,2023-12-15,PREMIUM
72,Kabir Sharma,kabir.sharma72@example.com,2025-01-08,REGULAR
73,Rohan Malhotra,rohan.malhotra73@mailbox.in,2025-06-13,REGULAR
74,Sana Jain,sana.jain74@mailbox.in,2025-10-16,REGULAR
75,Priya Bose,priya.bose75@shopmail.com,2025-12-17,REGULAR
76,Diya Nair,diya.nair76@example.com,2024-12-22,REGULAR
77,Neha Malhotra,neha.malhotra77@mailbox.in,2025-05-01,REGULAR
78,Anika Jain,anika.jain78@mailbox.in,2024-01-20,PREMIUM
79,Arjun Jain,arjun.jain79@shopmail.com,2023-05-01,PREMIUM
80,Meera Iyer,meera.iyer80@customer.net,2025-04-19,REGULAR
81,Kabir Nair,kabir.nair81@mailbox.in,2026-01-02,REGULAR
82,Dev Bose,dev.bose82@customer.net,2024-10-07,REGULAR
83,Dev Kapoor,dev.kapoor83@example.com,2025-06-13,REGULAR
84,Aarav Rao,aarav.rao84@customer.net,2024-10-12,REGULAR
85,Meera Jain,meera.jain85@shopmail.com,2025-01-24,REGULAR
86,Neha Kapoor,neha.kapoor86@shopmail.com,2023-07-18,VIP
87,Aarav Kapoor,aarav.kapoor87@example.com,2024-10-27,REGULAR
88,Tara Khan,tara.khan88@example.com,2024-05-23,REGULAR
89,Neha Joshi,neha.joshi89@mailbox.in,2024-10-16,REGULAR
90,Rohan Jain,rohan.jain90@example.com,2023-03-22,VIP
91,Rahul Nair,rahul.nair91@example.com,2025-10-09,REGULAR
92,Aarav Nair,aarav.nair92@shopmail.com,2025-08-23,REGULAR
93,Kabir Jain,kabir.jain93@example.com,2023-12-05,REGULAR
94,Arjun Rao,arjun.rao94@shopmail.com,2026-03-07,PREMIUM
95,Anika Das,anika.das95@example.com,2024-04-29,REGULAR
96,Sana Kapoor,sana.kapoor96@shopmail.com,2025-12-08,PREMIUM
97,Meera Reddy,meera.reddy97@customer.net,2025-07-21,PREMIUM
98,Diya Rao,diya.rao98@mailbox.in,2023-04-18,REGULAR
99,Neha Sharma,neha.sharma99@mailbox.in,2023-06-13,REGULAR
100,Rahul Malhotra,rahul.malhotra100@shopmail.com,2026-02-13,REGULAR
101,Arjun Jain,arjun.jain101@mailbox.in,2026-02-09,REGULAR
102,Neha Nair,neha.nair102@example.com,2024-12-01,REGULAR
103,Tara Kapoor,tara.kapoor103@customer.net,2024-05-19,REGULAR
104,Vikram Rao,vikram.rao104@customer.net,2025-07-15,PREMIUM
105,Arjun Sharma,arjun.sharma105@shopmail.com,2026-01-23,REGULAR
106,Meera Jain,meera.jain106@mailbox.in,2023-01-27,REGULAR
107,Meera Kapoor,meera.kapoor107@shopmail.com,2025-06-22,REGULAR
108,Rahul Bose,rahul.bose108@customer.net,2024-12-05,REGULAR
109,Arjun Nair,arjun.nair109@example.com,2024-05-05,REGULAR
110,Anika Mehta,anika.mehta110@shopmail.com,2024-03-05,PREMIUM
111,Isha Reddy,isha.reddy111@shopmail.com,2024-07-14,REGULAR
112,Aarav Gupta,aarav.gupta112@customer.net,2023-03-26,REGULAR
113,Kabir Jain,kabir.jain113@example.com,2025-06-10,REGULAR
114,Nikhil Malhotra,nikhil.malhotra114@customer.net,2023-03-21,REGULAR
115,Nikhil Reddy,nikhil.reddy115@example.com,2023-04-26,REGULAR
116,Diya Gupta,diya.gupta116@shopmail.com,2024-04-16,REGULAR
117,Meera Reddy,meera.reddy117@mailbox.in,2025-08-18,REGULAR
118,Sana Malhotra,sana.malhotra118@mailbox.in,2025-07-03,VIP
119,Isha Patel,isha.patel119@example.com,2023-11-19,REGULAR
120,Arjun Singh,arjun.singh120@shopmail.com,2025-05-07,REGULAR
121,Aarav Bose,aarav.bose121@mailbox.in,2024-12-30,REGULAR
122,Meera Das,meera.das122@customer.net,2024-12-06,REGULAR
123,Meera Iyer,meera.iyer123@shopmail.com,2025-04-25,REGULAR
124,Kabir Iyer,kabir.iyer124@shopmail.com,2023-09-15,PREMIUM
125,Isha Malhotra,isha.malhotra125@example.com,2024-04-17,REGULAR
126,Arjun Jain,arjun.jain126@mailbox.in,2023-03-03,PREMIUM
127,Neha Iyer,neha.iyer127@example.com,2025-11-13,PREMIUM
128,Aarav Iyer,aarav.iyer128@example.com,2023-09-30,REGULAR
129,Tara Iyer,tara.iyer129@shopmail.com,2024-11-08,REGULAR
130,Nikhil Singh,nikhil.singh130@mailbox.in,2024-06-01,REGULAR
131,Priya Khan,priya.khan131@customer.net,2025-02-08,REGULAR
132,Sana Patel,sana.patel132@mailbox.in,2024-01-28,REGULAR
133,Sana Sharma,sana.sharma133@mailbox.in,2023-10-19,REGULAR
134,Nikhil Malhotra,nikhil.malhotra134@example.com,2025-05-03,REGULAR
135,Isha Malhotra,isha.malhotra135@mailbox.in,2025-09-05,REGULAR
136,Meera Khan,meera.khan136@customer.net,2025-05-07,REGULAR
137,Meera Reddy,meera.reddy137@mailbox.in,2025-10-03,PREMIUM
138,Nikhil Das,nikhil.das138@customer.net,2025-01-19,VIP
139,Meera Malhotra,meera.malhotra139@shopmail.com,2025-07-20,REGULAR
140,Kabir Singh,kabir.singh140@customer.net,2024-10-06,REGULAR
141,Arjun Sharma,arjun.sharma141@customer.net,2025-06-30,REGULAR
142,Nikhil Gupta,nikhil.gupta142@mailbox.in,2024-06-20,REGULAR
143,Sana Malhotra,sana.malhotra143@customer.net,2025-12-19,REGULAR
144,Sana Nair,sana.nair144@mailbox.in,2026-03-02,REGULAR
145,Sana Kapoor,sana.kapoor145@shopmail.com,2023-02-27,REGULAR
146,Neha Reddy,neha.reddy146@mailbox.in,2024-12-10,REGULAR
147,Kabir Bose,kabir.bose147@shopmail.com,2024-02-16,REGULAR
148,Sana Singh,sana.singh148@customer.net,2025-04-08,REGULAR
149,Neha Jain,neha.jain149@example.com,2023-12-31,REGULAR
150,Isha Nair,isha.nair150@example.com,2023-06-02,PREMIUM
151,Priya Malhotra,priya.malhotra151@shopmail.com,2023-02-14,REGULAR
152,Diya Das,diya.das152@customer.net,2023-08-15,REGULAR
153,Dev Khan,dev.khan153@shopmail.com,2025-08-04,PREMIUM
154,Meera Jain,meera.jain154@shopmail.com,2025-09-17,REGULAR
155,Arjun Sharma,arjun.sharma155@mailbox.in,2025-11-18,REGULAR
156,Rohan Malhotra,rohan.malhotra156@customer.net,2024-04-09,REGULAR
157,Dev Iyer,dev.iyer157@mailbox.in,2023-11-06,VIP
158,Nikhil Reddy,nikhil.reddy158@shopmail.com,2024-07-11,REGULAR
159,Isha Sharma,isha.sharma159@mailbox.in,2025-05-29,PREMIUM
160,Diya Jain,diya.jain160@customer.net,2023-12-24,REGULAR
161,Rahul Nair,rahul.nair161@shopmail.com,2025-11-18,PREMIUM
162,Kabir Reddy,kabir.reddy162@example.com,2024-11-15,REGULAR
163,Rahul Gupta,rahul.gupta163@example.com,2024-05-22,PREMIUM
164,Anika Mehta,anika.mehta164@shopmail.com,2024-07-22,REGULAR
165,Arjun Khan,arjun.khan165@customer.net,2025-01-18,VIP
166,Isha Joshi,isha.joshi166@example.com,2023-04-27,REGULAR
167,Meera Kapoor,meera.kapoor167@customer.net,2024-09-04,REGULAR
168,Priya Malhotra,priya.malhotra168@customer.net,2025-11-10,REGULAR
169,Sana Rao,sana.rao169@example.com,2025-01-02,REGULAR
170,Neha Nair,neha.nair170@example.com,2024-12-22,PREMIUM
171,Isha Bose,isha.bose171@example.com,2023-02-27,REGULAR
172,Nikhil Reddy,nikhil.reddy172@example.com,2025-04-15,REGULAR
173,Tara Rao,tara.rao173@mailbox.in,2026-02-02,REGULAR
174,Dev Reddy,dev.reddy174@mailbox.in,2024-03-10,REGULAR
175,Rahul Mehta,rahul.mehta175@mailbox.in,2024-01-02,PREMIUM
176,Priya Rao,priya.rao176@customer.net,2024-03-04,REGULAR
177,Priya Malhotra,priya.malhotra177@example.com,2025-09-23,REGULAR
178,Aarav Patel,aarav.patel178@customer.net,2023-07-15,PREMIUM
179,Vikram Singh,vikram.singh179@shopmail.com,2023-12-28,REGULAR
180,Kabir Sharma,kabir.sharma180@customer.net,2023-08-13,VIP
181,Arjun Khan,arjun.khan181@example.com,2023-02-10,REGULAR
182,Rahul Nair,rahul.nair182@,2023-03-23,REGULAR
183,Dev Reddy,dev.reddy183@example.com,2024-07-16,REGULAR
184,Priya Malhotra,priya.malhotra184@shopmail.com,2023-03-09,PREMIUM
185,Isha Malhotra,isha.malhotra185@example.com,2025-01-14,PREMIUM
186,Dev Reddy,dev.reddy186@mailbox.in,2024-11-20,REGULAR
187,Rohan Joshi,rohan.joshi187@shopmail.com,2024-03-03,REGULAR
188,Neha Kapoor,neha.kapoor188@customer.net,2025-07-29,REGULAR
189,Priya Mehta,priya.mehta189@mailbox.in,2023-12-21,REGULAR
190,Tara Kapoor,tara.kapoor190@mailbox.in,2024-04-30,REGULAR
191,Arjun Rao,arjun.rao191@shopmail.com,2025-01-06,REGULAR
192,Rohan Singh,rohan.singh192@mailbox.in,2026-02-21,REGULAR
193,Kabir Patel,kabir.patel193@customer.net,2024-09-30,REGULAR
194,Dev Patel,dev.patel194@customer.net,2024-06-30,REGULAR
195,Vikram Gupta,vikram.gupta195@mailbox.in,2023-06-18,REGULAR
196,Rahul Reddy,rahul.reddy196@customer.net,2024-10-28,PREMIUM
197,Aarav Iyer,aarav.iyer197@example.com,2025-12-27,PREMIUM
198,Neha Rao,neha.rao198@example.com,2023-08-11,REGULAR
199,Sana Singh,sana.singh199@shopmail.com,2023-02-17,REGULAR
200,Vikram Kapoor,vikram.kapoor200@mailbox.in,2023-09-02,REGULAR
201,Neha Singh,neha.singh201@example.com,2026-03-17,REGULAR
202,Rohan Iyer,rohan.iyer202@mailbox.in,2025-01-24,REGULAR
203,Dev Iyer,dev.iyer203@shopmail.com,2023-06-26,REGULAR
204,Priya Das,priya.das204@mailbox.in,2024-04-24,REGULAR
205,Sana Patel,sana.patel205@example.com,2023-11-25,PREMIUM
206,Arjun Das,arjun.das206@customer.net,2025-02-11,PREMIUM
207,Anika Gupta,anika.gupta207@mailbox.in,2023-12-24,REGULAR
208,Rahul Singh,rahul.singh208@mailbox.in,2023-03-07,REGULAR
209,Tara Singh,tara.singh209@customer.net,2025-06-09,REGULAR
210,Dev Das,dev.das210@example.com,2024-05-19,REGULAR
211,Tara Rao,tara.rao211@example.com,2023-06-14,REGULAR
212,Sana Singh,sana.singh212@mailbox.in,2026-03-04,REGULAR
213,Neha Khan,neha.khan213@example.com,2023-06-27,REGULAR
214,Vikram Rao,vikram.rao214@customer.net,2025-09-29,PREMIUM
215,Meera Reddy,meera.reddy215@shopmail.com,2023-09-27,REGULAR
216,Rohan Khan,rohan.khan216@mailbox.in,2025-05-25,PREMIUM
217,Tara Joshi,tara.joshi217@customer.net,2023-04-17,REGULAR
218,Isha Iyer,isha.iyer218@example.com,2023-04-26,REGULAR
219,Tara Patel,tara.patel219@example.com,2024-03-21,REGULAR
220,Rohan Kapoor,rohan.kapoor220@mailbox.in,2026-02-21,PREMIUM
221,Tara Mehta,tara.mehta221@customer.net,2025-02-17,REGULAR
222,Diya Malhotra,diya.malhotra222@example.com,2024-06-17,VIP
223,Rohan Khan,rohan.khan223@example.com,2024-11-11,VIP
224,Anika Rao,anika.rao224@customer.net,2024-08-24,REGULAR
225,Neha Patel,neha.patel225@customer.net,2023-05-27,REGULAR
226,Sana Das,sana.das226@customer.net,2025-10-16,VIP
227,Kabir Joshi,kabir.joshi227@example.com,2023-08-08,PREMIUM
228,Isha Kapoor,isha.kapoor228@shopmail.com,2023-05-12,REGULAR
229,Sana Joshi,sana.joshi229@shopmail.com,2026-02-21,VIP
230,Rohan Bose,rohan.bose230@,2023-10-08,VIP
231,Neha Jain,neha.jain231@shopmail.com,2023-08-02,REGULAR
232,Isha Reddy,isha.reddy232@example.com,2025-08-18,REGULAR
233,Sana Gupta,sana.gupta233@shopmail.com,2025-12-12,PREMIUM
234,Anika Malhotra,anika.malhotra234@example.com,2025-11-16,PREMIUM
235,Tara Das,tara.das235@mailbox.in,2024-01-07,REGULAR
236,Nikhil Mehta,nikhil.mehta236@customer.net,2025-06-05,VIP
237,Tara Das,tara.das237@mailbox.in,2024-10-12,VIP
238,Vikram Gupta,vikram.gupta238@customer.net,2025-01-16,PREMIUM
239,Priya Reddy,priya.reddy239@customer.net,2023-09-07,REGULAR
240,Kabir Bose,kabir.bose240@example.com,2023-12-11,PREMIUM
241,Rahul Sharma,rahul.sharma241@mailbox.in,2025-02-18,REGULAR
242,Sana Singh,sana.singh242@customer.net,2024-05-10,VIP
243,Neha Gupta,neha.gupta243@shopmail.com,2025-01-03,REGULAR
244,Kabir Jain,kabir.jain244@mailbox.in,2023-05-04,REGULAR
245,Vikram Gupta,vikram.gupta245@mailbox.in,2024-03-23,REGULAR
246,Priya Patel,priya.patel246@shopmail.com,2025-08-25,REGULAR
247,Priya Jain,priya.jain247@example.com,2025-06-12,REGULAR
248,Kabir Das,kabir.das248@,2024-01-09,REGULAR
249,Anika Singh,anika.singh249@customer.net,2025-03-28,REGULAR
250,Aarav Kapoor,aarav.kapoor250@mailbox.in,2024-08-23,VIP
251,Arjun Sharma,arjun.sharma251@customer.net,2024-06-19,REGULAR
252,Priya Joshi,priya.joshi252@shopmail.com,2025-04-28,REGULAR
253,Anika Malhotra,anika.malhotra253@mailbox.in,2023-07-29,REGULAR
254,Tara Patel,tara.patel254@customer.net,2023-11-06,PREMIUM
255,Neha Das,neha.das255@mailbox.in,2025-04-23,REGULAR
256,Diya Mehta,diya.mehta256@customer.net,2023-03-16,PREMIUM
257,Neha Iyer,neha.iyer257@example.com,2024-11-09,PREMIUM
258,Tara Kapoor,tara.kapoor258@customer.net,2025-02-09,REGULAR
259,Rahul Iyer,rahul.iyer259@example.com,2023-05-03,REGULAR
260,Anika Das,anika.das260@customer.net,2024-05-24,REGULAR
261,Isha Malhotra,isha.malhotra261@mailbox.in,2024-11-20,REGULAR
262,Diya Rao,diya.rao262@mailbox.in,2023-03-31,REGULAR
263,Sana Rao,sana.rao263@shopmail.com,2023-08-10,PREMIUM
264,Tara Patel,tara.patel264@shopmail.com,2025-09-29,REGULAR
265,Sana Patel,sana.patel265@shopmail.com,2024-07-30,REGULAR
266,Rohan Gupta,rohan.gupta266@customer.net,2025-10-06,REGULAR
267,Priya Sharma,priya.sharma267@shopmail.com,2024-08-24,PREMIUM
268,Priya Iyer,priya.iyer268@customer.net,2023-11-30,VIP
269,Isha Jain,isha.jain269@shopmail.com,2023-04-26,REGULAR
270,Tara Singh,tara.singh270@customer.net,2026-01-07,REGULAR
271,Isha Das,isha.das271@shopmail.com,2025-12-23,REGULAR
272,Rahul Nair,rahul.nair272@example.com,2023-08-04,REGULAR
273,Nikhil Sharma,nikhil.sharma273@customer.net,2024-07-27,REGULAR
274,Kabir Singh,kabir.singh274@example.com,2026-01-18,PREMIUM
275,Dev Bose,dev.bose275@example.com,2024-05-07,REGULAR
276,Tara Malhotra,tara.malhotra276@customer.net,2025-05-06,REGULAR
277,Anika Gupta,anika.gupta277@mailbox.in,2023-03-28,PREMIUM
278,Kabir Das,kabir.das278@shopmail.com,2026-01-06,REGULAR
279,Isha Singh,isha.singh279@customer.net,2025-05-05,REGULAR
280,Isha Singh,isha.singh280@shopmail.com,2025-06-21,REGULAR
281,Neha Patel,neha.patel281@example.com,2025-09-23,PREMIUM
282,Arjun Mehta,arjun.mehta282@mailbox.in,2023-02-17,REGULAR
283,Isha Das,isha.das283@mailbox.in,2025-11-30,REGULAR
284,Tara Singh,tara.singh284@example.com,2024-10-07,REGULAR
285,Vikram Joshi,vikram.joshi285@shopmail.com,2026-01-20,REGULAR
286,Rahul Kapoor,rahul.kapoor286@shopmail.com,2025-03-10,REGULAR
287,Neha Nair,neha.nair287@mailbox.in,2024-11-29,REGULAR
288,Priya Patel,priya.patel288@customer.net,2025-08-13,REGULAR
289,Anika Joshi,anika.joshi289@customer.net,2023-09-05,REGULAR
290,Tara Jain,tara.jain290@customer.net,2023-05-20,VIP
291,Tara Nair,tara.nair291@shopmail.com,2023-03-17,REGULAR
292,Nikhil Jain,nikhil.jain292@customer.net,2023-06-16,REGULAR
293,Arjun Rao,arjun.rao293@mailbox.in,2024-09-14,REGULAR
294,Vikram Rao,vikram.rao294@customer.net,2025-02-22,REGULAR
295,Arjun Reddy,arjun.reddy295@shopmail.com,2024-09-03,REGULAR
296,Neha Rao,neha.rao296@shopmail.com,2025-03-01,REGULAR
297,Diya Patel,diya.patel297@example.com,2024-06-01,PREMIUM
298,Tara Gupta,tara.gupta298@shopmail.com,2025-08-10,REGULAR
299,Sana Das,sana.das299@customer.net,2025-03-02,REGULAR
300,Isha Jain,isha.jain300@example.com,2025-11-12,REGULAR
301,Dev Das,dev.das301@example.com,2024-02-17,VIP
302,Meera Patel,meera.patel302@mailbox.in,2025-09-04,PREMIUM
303,Sana Gupta,sana.gupta303@shopmail.com,2025-12-24,REGULAR
304,Aarav Malhotra,aarav.malhotra304@customer.net,2024-10-03,REGULAR
305,Dev Jain,dev.jain305@example.com,2025-03-16,REGULAR
306,Neha Jain,neha.jain306@mailbox.in,2023-09-27,REGULAR
307,Neha Rao,neha.rao307@customer.net,2023-10-26,VIP
308,Arjun Das,arjun.das308@shopmail.com,2024-04-07,PREMIUM
309,Vikram Jain,vikram.jain309@customer.net,2025-05-20,VIP
310,Arjun Das,arjun.das310@example.com,2025-04-23,REGULAR
311,Sana Rao,sana.rao311@shopmail.com,2024-03-22,VIP
312,Rohan Rao,rohan.rao312@mailbox.in,2026-03-06,REGULAR
313,Vikram Iyer,vikram.iyer313@customer.net,2025-08-14,PREMIUM
314,Meera Nair,meera.nair314@example.com,2025-04-04,REGULAR
315,Meera Patel,meera.patel315@example.com,2026-01-19,REGULAR
316,Kabir Sharma,kabir.sharma316@shopmail.com,2025-01-08,REGULAR
317,Vikram Das,vikram.das317@customer.net,2023-04-02,PREMIUM
318,Rohan Nair,rohan.nair318@example.com,2023-09-29,REGULAR
319,Anika Patel,anika.patel319@mailbox.in,2023-10-17,VIP
320,Isha Patel,isha.patel320@example.com,2025-07-25,REGULAR
321,Neha Das,neha.das321@mailbox.in,2025-04-23,REGULAR
322,Kabir Malhotra,kabir.malhotra322@customer.net,2023-06-24,REGULAR
323,Tara Iyer,tara.iyer323@,2024-04-03,REGULAR
324,Vikram Khan,vikram.khan324@mailbox.in,2025-03-11,REGULAR
325,Sana Reddy,sana.reddy325@shopmail.com,2025-01-11,REGULAR
326,Meera Sharma,meera.sharma326@customer.net,2024-11-24,PREMIUM
327,Neha Das,neha.das327@example.com,2024-07-12,REGULAR
328,Diya Reddy,diya.reddy328@mailbox.in,2024-09-21,REGULAR
329,Isha Reddy,isha.reddy329@customer.net,2023-12-10,REGULAR
330,Kabir Jain,kabir.jain330@shopmail.com,2025-07-29,REGULAR
331,Nikhil Mehta,nikhil.mehta331@shopmail.com,2025-07-14,PREMIUM
332,Rohan Malhotra,rohan.malhotra332@customer.net,2025-05-26,REGULAR
333,Vikram Gupta,vikram.gupta333@shopmail.com,2025-03-19,REGULAR
334,Vikram Jain,vikram.jain334@example.com,2024-11-23,PREMIUM
335,Tara Gupta,tara.gupta335@mailbox.in,2023-03-31,REGULAR
336,Isha Sharma,isha.sharma336@mailbox.in,2023-01-05,PREMIUM
337,Rohan Patel,rohan.patel337@mailbox.in,2023-04-10,REGULAR
338,Diya Singh,diya.singh338@mailbox.in,2024-09-27,REGULAR
339,Kabir Bose,kabir.bose339@customer.net,2024-08-17,REGULAR
340,Sana Kapoor,sana.kapoor340@example.com,2025-10-25,PREMIUM
341,Kabir Rao,kabir.rao341@example.com,2025-04-14,REGULAR
342,Kabir Nair,kabir.nair342@example.com,2024-04-08,REGULAR
343,Dev Kapoor,dev.kapoor343@shopmail.com,2024-06-21,REGULAR
344,Vikram Reddy,vikram.reddy344@example.com,2024-10-13,REGULAR
345,Aarav Nair,aarav.nair345@shopmail.com,2025-07-11,REGULAR
346,Diya Nair,diya.nair346@example.com,2023-12-31,REGULAR
347,Diya Gupta,diya.gupta347@customer.net,2026-02-10,REGULAR
348,Neha Nair,neha.nair348@customer.net,2025-10-22,REGULAR
349,Dev Das,dev.das349@customer.net,2025-07-08,PREMIUM
350,Anika Bose,anika.bose350@mailbox.in,2024-06-19,VIP
351,Sana Joshi,sana.joshi351@mailbox.in,2024-04-10,REGULAR
352,Nikhil Nair,nikhil.nair352@shopmail.com,2026-01-04,REGULAR
353,Tara Patel,tara.patel353@mailbox.in,2025-05-15,REGULAR
354,Sana Nair,sana.nair354@customer.net,2025-10-01,REGULAR
355,Tara Rao,tara.rao355@example.com,2023-10-23,REGULAR
356,Sana Patel,sana.patel356@example.com,2026-03-29,REGULAR
357,Vikram Jain,vikram.jain357@shopmail.com,2024-06-01,REGULAR
358,Aarav Mehta,aarav.mehta358@shopmail.com,2023-07-02,PREMIUM
359,Nikhil Nair,nikhil.nair359@shopmail.com,2024-01-07,REGULAR
360,Isha Kapoor,isha.kapoor360@mailbox.in,2024-07-12,REGULAR
361,Rahul Jain,rahul.jain361@mailbox.in,2026-01-27,REGULAR
362,Neha Mehta,neha.mehta362@customer.net,2023-03-13,REGULAR
363,Meera Gupta,meera.gupta363@example.com,2025-06-26,REGULAR
364,Dev Das,dev.das364@shopmail.com,2023-12-24,REGULAR
365,Meera Jain,meera.jain365@customer.net,2025-01-29,VIP
366,Nikhil Malhotra,nikhil.malhotra366@shopmail.com,2024-07-01,REGULAR
367,Nikhil Khan,nikhil.khan367@example.com,2023-04-26,VIP
368,Diya Sharma,diya.sharma368@mailbox.in,2025-09-06,REGULAR
369,Kabir Sharma,kabir.sharma369@shopmail.com,2024-08-02,REGULAR
370,Nikhil Jain,nikhil.jain370@,2023-01-19,REGULAR
371,Arjun Das,arjun.das371@example.com,2025-12-20,REGULAR
372,Anika Reddy,anika.reddy372@example.com,2024-01-10,REGULAR
373,Arjun Rao,arjun.rao373@customer.net,2023-05-03,REGULAR
374,Sana Malhotra,sana.malhotra374@shopmail.com,2023-12-17,REGULAR
375,Rohan Patel,rohan.patel375@example.com,2024-08-08,REGULAR
376,Diya Sharma,diya.sharma376@shopmail.com,2024-11-05,REGULAR
377,Neha Reddy,neha.reddy377@example.com,2025-12-11,PREMIUM
378,Nikhil Iyer,nikhil.iyer378@example.com,2025-11-29,PREMIUM
379,Diya Khan,diya.khan379customer.net,2025-06-30,REGULAR
380,Sana Singh,sana.singh380@customer.net,2024-01-09,REGULAR
381,Sana Joshi,sana.joshi381@mailbox.in,2023-08-06,PREMIUM
382,Rohan Rao,rohan.rao382@example.com,2023-12-27,PREMIUM
383,Neha Kapoor,neha.kapoor383@customer.net,2024-02-29,PREMIUM
384,Tara Jain,tara.jain384@shopmail.com,2024-08-06,REGULAR
385,Sana Singh,sana.singh385@customer.net,2026-01-12,REGULAR
386,Arjun Gupta,arjun.gupta386@mailbox.in,2025-09-11,REGULAR
387,Sana Joshi,sana.joshi387@customer.net,2023-01-09,VIP
388,Tara Rao,tara.rao388@customer.net,2023-05-16,REGULAR
389,Tara Bose,tara.bose389@example.com,2024-07-03,REGULAR
390,Neha Kapoor,neha.kapoor390@example.com,2024-08-25,PREMIUM
391,Meera Khan,meera.khan391@mailbox.in,2024-02-22,REGULAR
392,Nikhil Gupta,nikhil.gupta392@example.com,2024-03-04,REGULAR
393,Nikhil Singh,nikhil.singh393@customer.net,2024-01-19,PREMIUM
394,Nikhil Mehta,nikhil.mehta394@mailbox.in,2024-04-18,REGULAR
395,Sana Joshi,sana.joshi395@mailbox.in,2024-05-26,REGULAR
396,Dev Gupta,dev.gupta396@customer.net,2025-12-16,REGULAR
397,Neha Khan,neha.khan397@mailbox.in,2024-03-28,PREMIUM
398,Nikhil Nair,nikhil.nair398@customer.net,2024-09-02,REGULAR
399,Vikram Khan,vikram.khan399@example.com,2024-12-18,VIP
400,Vikram Malhotra,vikram.malhotra400@customer.net,2023-04-18,PREMIUM
401,Dev Jain,dev.jain401@shopmail.com,2024-01-11,REGULAR
402,Kabir Bose,kabir.bose402@mailbox.in,2025-07-17,REGULAR
403,Sana Bose,sana.bose403@example.com,2024-07-12,PREMIUM
404,Rohan Reddy,rohan.reddy404@shopmail.com,2024-07-05,REGULAR
405,Diya Kapoor,diya.kapoor405@customer.net,2024-10-30,REGULAR
406,Priya Iyer,priya.iyer406@shopmail.com,2025-03-16,REGULAR
407,Meera Malhotra,meera.malhotra407@customer.net,2025-11-21,REGULAR
408,Kabir Rao,kabir.rao408@example.com,2024-04-03,REGULAR
409,Rohan Reddy,rohan.reddy409@shopmail.com,2024-06-16,REGULAR
410,Vikram Jain,vikram.jain410@customer.net,2024-11-11,PREMIUM
411,Tara Joshi,tara.joshi411@example.com,2026-01-09,REGULAR
412,Neha Reddy,neha.reddy412@shopmail.com,2026-02-24,REGULAR
413,Anika Khan,anika.khan413@customer.net,2024-12-18,REGULAR
414,Sana Khan,sana.khan414@shopmail.com,2024-11-02,REGULAR
415,Vikram Malhotra,vikram.malhotra415@mailbox.in,2025-12-30,REGULAR
416,Arjun Singh,arjun.singh416@example.com,2025-04-14,REGULAR
417,Neha Mehta,neha.mehta417@mailbox.in,2025-11-07,PREMIUM
418,Neha Kapoor,neha.kapoor418@mailbox.in,2024-06-24,REGULAR
419,Tara Khan,tara.khan419@customer.net,2025-07-05,REGULAR
420,Kabir Joshi,kabir.joshi420@example.com,2023-07-01,REGULAR
421,Kabir Kapoor,kabir.kapoor421@mailbox.in,2025-06-11,REGULAR
422,Anika Jain,anika.jain422@shopmail.com,2025-01-30,REGULAR
423,Anika Joshi,anika.joshi423@mailbox.in,2024-07-11,VIP
424,Nikhil Gupta,nikhil.gupta424@shopmail.com,2025-05-22,REGULAR
425,Nikhil Bose,nikhil.bose425@mailbox.in,2024-11-20,REGULAR
426,Rohan Sharma,rohan.sharma426@shopmail.com,2024-03-02,REGULAR
427,Isha Khan,isha.khan427@mailbox.in,2025-02-08,REGULAR
428,Priya Reddy,priya.reddy428@customer.net,2024-07-23,REGULAR
429,Diya Malhotra,diya.malhotra429@shopmail.com,2023-06-09,PREMIUM
430,Meera Das,meera.das430@example.com,2024-06-25,PREMIUM
431,Rohan Malhotra,rohan.malhotra431@example.com,2024-01-04,REGULAR
432,Rahul Bose,rahul.bose432@shopmail.com,2023-11-17,PREMIUM
433,Diya Rao,diya.rao433@customer.net,2023-09-19,REGULAR
434,Isha Das,isha.das434@customer.net,2025-03-10,VIP
435,Priya Gupta,priya.gupta435@mailbox.in,2024-03-06,PREMIUM
436,Kabir Gupta,kabir.gupta436@shopmail.com,2024-05-15,PREMIUM
437,Sana Jain,sana.jain437@shopmail.com,2024-02-22,REGULAR
438,Sana Malhotra,sana.malhotra438@example.com,2023-05-25,REGULAR
439,Arjun Rao,arjun.rao439@mailbox.in,2024-05-23,REGULAR
440,Rohan Malhotra,rohan.malhotra440@customer.net,2025-04-10,REGULAR
441,Dev Mehta,dev.mehta441@mailbox.in,2024-03-16,REGULAR
442,Kabir Jain,kabir.jain442@customer.net,2026-03-30,REGULAR
443,Priya Malhotra,priya.malhotra443@example.com,2023-09-03,REGULAR
444,Aarav Bose,aarav.bose444@shopmail.com,2023-07-24,PREMIUM
445,Isha Khan,isha.khan445@customer.net,2024-07-13,REGULAR
446,Rahul Khan,rahul.khan446@example.com,2024-04-19,PREMIUM
447,Meera Bose,meera.bose447@example.com,2023-01-02,REGULAR
448,Rohan Gupta,rohan.gupta448@shopmail.com,2024-11-22,REGULAR
449,Neha Reddy,neha.reddy449@mailbox.in,2025-01-12,REGULAR
450,Sana Singh,sana.singh450@example.com,2024-07-24,PREMIUM
451,Kabir Kapoor,kabir.kapoor451@shopmail.com,2025-11-17,REGULAR
452,Aarav Khan,aarav.khan452@mailbox.in,2023-11-27,REGULAR
453,Kabir Bose,kabir.bose453@mailbox.in,2023-05-15,PREMIUM
454,Kabir Reddy,kabir.reddy454@mailbox.in,2024-10-29,REGULAR
455,Kabir Nair,kabir.nair455@customer.net,2024-01-21,REGULAR
456,Isha Sharma,isha.sharma456@customer.net,2025-07-31,REGULAR
457,Sana Das,sana.das457@example.com,2024-01-07,REGULAR
458,Priya Nair,priya.nair458@mailbox.in,2023-04-21,REGULAR
459,Aarav Rao,aarav.rao459@customer.net,2025-06-01,REGULAR
460,Anika Jain,anika.jain460example.com,2023-01-22,REGULAR
461,Diya Patel,diya.patel461@mailbox.in,2025-09-03,PREMIUM
462,Dev Bose,dev.bose462@mailbox.in,2025-04-13,REGULAR
463,Kabir Iyer,kabir.iyer463@example.com,2025-03-05,PREMIUM
464,Kabir Joshi,kabir.joshi464@mailbox.in,2025-10-06,REGULAR
465,Rohan Das,rohan.das465@mailbox.in,2024-01-06,REGULAR
466,Rohan Bose,rohan.bose466@example.com,2025-08-03,REGULAR
467,Anika Reddy,anika.reddy467@example.com,2025-12-25,REGULAR
468,Nikhil Rao,nikhil.rao468@customer.net,2023-07-17,PREMIUM
469,Arjun Reddy,arjun.reddy469@example.com,2024-10-28,REGULAR
470,Rohan Iyer,rohan.iyer470@example.com,2025-03-04,REGULAR
471,Nikhil Khan,nikhil.khan471@customer.net,2023-06-09,PREMIUM
472,Priya Nair,priya.nair472@example.com,2023-01-20,REGULAR
473,Nikhil Rao,nikhil.rao473@mailbox.in,2023-10-06,VIP
474,Diya Bose,diya.bose474@shopmail.com,2024-10-08,PREMIUM
475,Neha Iyer,neha.iyer475@example.com,2023-07-05,REGULAR
476,Diya Khan,diya.khan476@shopmail.com,2023-03-13,VIP
477,Rohan Malhotra,rohan.malhotra477@customer.net,2024-04-27,REGULAR
478,Tara Sharma,tara.sharma478@customer.net,2025-05-25,PREMIUM
479,Meera Malhotra,meera.malhotra479@customer.net,2025-02-05,VIP
480,Vikram Nair,vikram.nair480@,2023-02-07,REGULAR
481,Rahul Sharma,rahul.sharma481@,2026-02-20,PREMIUM
482,Priya Mehta,priya.mehta482@shopmail.com,2023-04-04,VIP
483,Kabir Iyer,kabir.iyer483@example.com,2023-12-26,PREMIUM
484,Dev Rao,dev.rao484@mailbox.in,2023-05-12,REGULAR
485,Kabir Kapoor,kabir.kapoor485@example.com,2023-04-07,REGULAR
486,Kabir Nair,kabir.nair486@customer.net,2024-05-04,PREMIUM
487,Sana Joshi,sana.joshi487@customer.net,2023-12-29,REGULAR
488,Vikram Gupta,vikram.gupta488@example.com,2023-09-13,REGULAR
489,Neha Bose,neha.bose489@example.com,2023-11-19,REGULAR
490,Tara Iyer,tara.iyer490@example.com,2025-12-01,REGULAR
491,Diya Mehta,diya.mehta491@customer.net,2026-01-09,REGULAR
492,Rahul Kapoor,rahul.kapoor492@example.com,2024-02-09,PREMIUM
493,Anika Sharma,anika.sharma493@mailbox.in,2025-05-13,PREMIUM
494,Meera Reddy,meera.reddy494@mailbox.in,2023-08-06,REGULAR
495,Diya Nair,diya.nair495@shopmail.com,2024-09-14,REGULAR
496,Rohan Iyer,rohan.iyer496@example.com,2023-04-11,REGULAR
497,Tara Gupta,tara.gupta497@example.com,2024-05-30,REGULAR
498,Tara Patel,tara.patel498@shopmail.com,2024-11-03,PREMIUM
499,Sana Jain,sana.jain499@example.com,2024-10-24,REGULAR
500,Vikram Khan,vikram.khan500@customer.net,2023-08-19,REGULAR
501,Meera Das,meera.das501@mailbox.in,2025-05-05,REGULAR
502,Rohan Iyer,rohan.iyer502@mailbox.in,2023-11-06,REGULAR
503,Meera Sharma,meera.sharma503@mailbox.in,2024-07-11,REGULAR
504,Nikhil Rao,nikhil.rao504@customer.net,2023-10-07,REGULAR
505,Meera Sharma,meera.sharma505@customer.net,2025-01-02,REGULAR
506,Meera Khan,meera.khan506@example.com,2024-01-10,REGULAR
507,Diya Nair,diya.nair507@mailbox.in,2023-09-27,REGULAR
508,Neha Rao,neha.rao508@example.com,2024-06-30,VIP
509,Kabir Mehta,kabir.mehta509@mailbox.in,2023-09-30,REGULAR
510,Rohan Patel,rohan.patel510@shopmail.com,2023-01-31,REGULAR
511,Aarav Joshi,aarav.joshi511@shopmail.com,2024-06-13,PREMIUM
512,Neha Patel,neha.patel512@example.com,2025-12-30,PREMIUM
513,Priya Rao,priya.rao513@example.com,2025-10-25,REGULAR
514,Priya Joshi,priya.joshi514@customer.net,2023-09-02,PREMIUM
515,Dev Jain,dev.jain515@customer.net,2025-05-23,REGULAR
516,Rahul Nair,rahul.nair516@shopmail.com,2026-02-14,REGULAR
517,Kabir Khan,kabir.khan517@example.com,2025-06-08,REGULAR
518,Diya Khan,diya.khan518@customer.net,2025-08-07,REGULAR
519,Priya Jain,priya.jain519@shopmail.com,2023-05-01,REGULAR
520,Neha Khan,neha.khan520@example.com,2025-11-06,REGULAR
521,Neha Malhotra,neha.malhotra521@example.com,2024-01-23,REGULAR
522,Rahul Iyer,rahul.iyer522@example.com,2023-03-16,REGULAR
523,Dev Khan,dev.khan523@mailbox.in,2024-08-11,REGULAR
524,Sana Reddy,sana.reddy524@mailbox.in,2025-06-16,REGULAR
525,Meera Khan,meera.khan525@mailbox.in,2023-02-21,REGULAR
526,Neha Iyer,neha.iyer526@example.com,2023-09-22,PREMIUM
527,Anika Singh,anika.singh527@example.com,2025-08-11,PREMIUM
528,Aarav Bose,aarav.bose528@shopmail.com,2024-11-05,REGULAR
529,Priya Joshi,priya.joshi529@shopmail.com,2024-09-27,REGULAR
530,Arjun Das,arjun.das530@customer.net,2023-03-19,REGULAR
531,Nikhil Gupta,nikhil.gupta531@example.com,2024-10-26,REGULAR
532,Nikhil Mehta,nikhil.mehta532@example.com,2023-09-23,REGULAR
533,Rohan Jain,rohan.jain533@example.com,2024-09-09,REGULAR
534,Arjun Singh,arjun.singh534@mailbox.in,2024-08-15,REGULAR
535,Tara Patel,tara.patel535@customer.net,2024-02-14,REGULAR
536,Arjun Patel,arjun.patel536@shopmail.com,2025-11-02,REGULAR
537,Rahul Bose,rahul.bose537@shopmail.com,2024-08-24,PREMIUM
538,Dev Jain,dev.jain538@shopmail.com,2023-05-03,REGULAR
539,Diya Gupta,diya.gupta539@example.com,2024-11-28,REGULAR
540,Anika Mehta,anika.mehta540@shopmail.com,2024-10-19,REGULAR
541,Dev Mehta,dev.mehta541@shopmail.com,2024-02-05,REGULAR
542,Rohan Singh,rohan.singh542@mailbox.in,2025-05-07,REGULAR
543,Arjun Malhotra,arjun.malhotra543@example.com,2025-08-25,REGULAR
544,Dev Reddy,dev.reddy544@mailbox.in,2025-05-30,REGULAR
545,Priya Reddy,priya.reddy545@example.com,2025-04-12,PREMIUM
546,Dev Iyer,dev.iyer546@mailbox.in,2025-06-07,REGULAR
547,Diya Khan,diya.khan547@customer.net,2025-08-18,REGULAR
548,Sana Patel,sana.patel548@mailbox.in,2024-05-29,REGULAR
549,Diya Jain,diya.jain549@customer.net,2023-02-01,REGULAR
550,Isha Das,isha.das550@customer.net,2025-12-17,REGULAR
551,Meera Gupta,meera.gupta551@customer.net,2024-11-19,PREMIUM
552,Neha Iyer,neha.iyer552@mailbox.in,2023-05-19,REGULAR
553,Vikram Bose,vikram.bose553@mailbox.in,2024-08-03,PREMIUM
554,Anika Singh,anika.singh554@customer.net,2024-09-18,REGULAR
555,Aarav Khan,aarav.khan555@shopmail.com,2023-11-08,PREMIUM
556,Meera Patel,meera.patel556@mailbox.in,2024-07-13,PREMIUM
557,Arjun Rao,arjun.rao557@mailbox.in,2025-09-14,PREMIUM
558,Aarav Nair,aarav.nair558@customer.net,2024-11-23,REGULAR
559,Nikhil Rao,nikhil.rao559@customer.net,2024-02-06,PREMIUM
560,Rohan Das,rohan.das560@example.com,2023-09-11,PREMIUM
561,Vikram Nair,vikram.nair561@shopmail.com,2024-02-23,REGULAR
562,Aarav Sharma,aarav.sharma562@mailbox.in,2025-10-02,REGULAR
563,Aarav Nair,aarav.nair563@customer.net,2024-04-19,PREMIUM
564,Arjun Bose,arjun.bose564@mailbox.in,2024-12-14,REGULAR
565,Tara Das,tara.das565@mailbox.in,2023-01-12,REGULAR
566,Rahul Das,rahul.das566@customer.net,2025-01-18,REGULAR
567,Arjun Joshi,arjun.joshi567@customer.net,2026-01-09,VIP
568,Isha Mehta,isha.mehta568@shopmail.com,2024-01-09,PREMIUM
569,Sana Joshi,sana.joshi569@shopmail.com,2025-10-15,REGULAR
570,Isha Iyer,isha.iyer570@mailbox.in,2026-02-18,REGULAR
571,Vikram Joshi,vikram.joshi571@shopmail.com,2025-09-18,PREMIUM
572,Rahul Das,rahul.das572@shopmail.com,2025-05-17,REGULAR
573,Priya Jain,priya.jain573@shopmail.com,2026-01-31,PREMIUM
574,Anika Joshi,anika.joshi574@example.com,2023-12-13,PREMIUM
575,Isha Bose,isha.bose575@customer.net,2025-06-28,REGULAR
576,Priya Jain,priya.jain576@example.com,2025-06-25,REGULAR
577,Rohan Jain,rohan.jain577@shopmail.com,2025-11-23,REGULAR
578,Isha Bose,isha.bose578@example.com,2023-08-23,REGULAR
579,Vikram Joshi,vikram.joshi579@mailbox.in,2024-12-11,REGULAR
580,Anika Singh,anika.singh580@mailbox.in,2023-10-02,REGULAR
581,Diya Sharma,diya.sharma581@mailbox.in,2026-03-28,PREMIUM
582,Anika Jain,anika.jain582@example.com,2024-11-04,REGULAR
583,Sana Bose,sana.bose583@mailbox.in,2023-02-28,REGULAR
584,Rahul Sharma,rahul.sharma584@customer.net,2025-04-04,REGULAR
585,Aarav Nair,aarav.nair585@shopmail.com,2024-06-18,REGULAR
586,Priya Kapoor,priya.kapoor586@customer.net,2023-03-13,REGULAR
587,Isha Malhotra,isha.malhotra587@customer.net,2025-12-02,VIP
588,Neha Jain,neha.jain588@customer.net,2023-09-14,VIP
589,Sana Sharma,sana.sharma589@shopmail.com,2023-07-23,REGULAR
590,Aarav Khan,aarav.khan590@example.com,2025-10-07,PREMIUM
591,Sana Iyer,sana.iyer591@example.com,2023-03-16,REGULAR
592,Aarav Patel,aarav.patel592@example.com,2024-08-13,REGULAR
593,Arjun Jain,arjun.jain593@shopmail.com,2025-12-01,REGULAR
594,Isha Bose,isha.bose594@example.com,2024-02-24,REGULAR
595,Kabir Bose,kabir.bose595@example.com,2025-08-17,REGULAR
596,Priya Reddy,priya.reddy596@mailbox.in,2023-11-07,PREMIUM
597,Vikram Rao,vikram.rao597@mailbox.in,2023-03-03,REGULAR
598,Vikram Jain,vikram.jain598@customer.net,2023-01-20,REGULAR
599,Priya Jain,priya.jain599@shopmail.com,2025-03-05,REGULAR
600,Priya Iyer,priya.iyer600@shopmail.com,2024-04-04,REGULAR
601,Diya Reddy,diya.reddy601@shopmail.com,2024-03-27,REGULAR
602,Neha Bose,neha.bose602@example.com,2026-03-23,PREMIUM
603,Aarav Gupta,aarav.gupta603@shopmail.com,2024-11-10,VIP
604,Arjun Singh,arjun.singh604@customer.net,2023-10-12,REGULAR
605,Sana Malhotra,sana.malhotra605@customer.net,2025-12-07,PREMIUM
606,Dev Khan,dev.khan606@example.com,2026-02-02,REGULAR
607,Anika Reddy,anika.reddy607@mailbox.in,2025-01-19,PREMIUM
608,Tara Khan,tara.khan608@mailbox.in,2025-08-07,REGULAR
609,Kabir Jain,kabir.jain609@mailbox.in,2024-09-30,REGULAR
610,Rohan Iyer,rohan.iyer610customer.net,2025-11-06,PREMIUM
611,Priya Bose,priya.bose611@shopmail.com,2025-10-28,REGULAR
612,Sana Gupta,sana.gupta612example.com,2025-02-24,PREMIUM
613,Nikhil Khan,nikhil.khan613@example.com,2024-05-13,REGULAR
614,Arjun Patel,arjun.patel614@shopmail.com,2024-08-11,REGULAR
615,Meera Singh,meera.singh615@mailbox.in,2025-06-09,REGULAR
616,Nikhil Malhotra,nikhil.malhotra616@customer.net,2025-02-11,PREMIUM
617,Aarav Reddy,aarav.reddy617@mailbox.in,2025-05-15,REGULAR
618,Rohan Das,rohan.das618@shopmail.com,2024-12-09,VIP
619,Rahul Patel,rahul.patel619@shopmail.com,2024-05-30,REGULAR
620,Nikhil Rao,nikhil.rao620@mailbox.in,2026-03-25,REGULAR
621,Aarav Joshi,aarav.joshi621@customer.net,2024-03-29,REGULAR
622,Rahul Reddy,rahul.reddy622@example.com,2025-02-03,REGULAR
623,Dev Reddy,dev.reddy623@customer.net,2023-10-19,REGULAR
624,Sana Mehta,sana.mehta624@mailbox.in,2023-10-24,PREMIUM
625,Priya Bose,priya.bose625@example.com,2025-11-10,REGULAR
626,Tara Malhotra,tara.malhotra626@shopmail.com,2023-01-07,REGULAR
627,Diya Bose,diya.bose627@mailbox.in,2023-10-03,REGULAR
628,Anika Gupta,anika.gupta628@example.com,2025-07-21,REGULAR
629,Neha Kapoor,neha.kapoor629@mailbox.in,2025-12-11,PREMIUM
630,Arjun Kapoor,arjun.kapoor630@customer.net,2024-12-04,PREMIUM
631,Kabir Bose,kabir.bose631@customer.net,2025-04-30,PREMIUM
632,Vikram Mehta,vikram.mehta632@shopmail.com,2024-03-27,REGULAR
633,Kabir Khan,kabir.khan633@customer.net,2026-03-27,REGULAR
634,Nikhil Bose,nikhil.bose634@customer.net,2024-10-18,PREMIUM
635,Priya Sharma,priya.sharma635@mailbox.in,2025-11-07,REGULAR
636,Arjun Khan,arjun.khan636@customer.net,2023-08-16,PREMIUM
637,Isha Mehta,isha.mehta637@example.com,2024-12-04,REGULAR
638,Meera Kapoor,meera.kapoor638@shopmail.com,2025-12-17,REGULAR
639,Diya Kapoor,diya.kapoor639@mailbox.in,2025-11-30,REGULAR
640,Diya Sharma,diya.sharma640@customer.net,2024-11-19,PREMIUM
641,Rahul Mehta,rahul.mehta641@shopmail.com,2023-10-03,VIP
642,Rohan Khan,rohan.khan642@shopmail.com,2023-07-05,REGULAR
643,Dev Iyer,dev.iyer643@customer.net,2025-06-26,PREMIUM
644,Aarav Joshi,aarav.joshi644@mailbox.in,2023-08-29,REGULAR
645,Neha Patel,neha.patel645@customer.net,2025-06-08,REGULAR
646,Rohan Joshi,rohan.joshi646@shopmail.com,2025-03-19,REGULAR
647,Anika Bose,anika.bose647@mailbox.in,2023-12-10,PREMIUM
648,Neha Joshi,neha.joshi648@customer.net,2026-03-15,REGULAR
649,Nikhil Sharma,nikhil.sharma649@example.com,2024-11-23,REGULAR
650,Meera Patel,meera.patel650@customer.net,2023-06-26,REGULAR
